480,Name ,Ingredient  1,Ingredient 2,Ingredient 3,Ingredient 4,Ingredient 5,Ingredient 6,Ingredient 7,Ingredient 8,Ingredient 9,Ingredient 10,,,,
Name,Beef Casserole,Diced Beef,Diced Onion,Mushrooms,Diced Carrot ,Diced Parsnip,Tomatoes,Beef Stock,Water,Bisto Powder,Cornflour,,,,
Quantity,-,27,4,4,5,3,1,0'16,4.5,0'0,0'0,,,,
Unit,-,kg,kg,kg,x 2kg bag,x 2kg bag,A10 tin,lboz,Gallon,lboz,lboz,,,,
,,,,,,,,,,,,,,,
475,Name ,Ingredient 1,Ingredient 2,Ingredient 3,Ingredient 4,Ingredient 5,Ingredient 6,Ingredient 7,Ingredient 8,Ingredient 9,Ingredient 10,,,,
Name,Savoury Mince,Mince Beef,Diced Onion,Diced Carrot,Diced Parsnip,Mushroom,Tomatoes,Beef Stock,Water,Bisto Powder,Cornflour,,,,
Quantity,-,28,4,4,2,1,1,0'16,4,0'0,0'0,,,,
Unit,-,kg,kg,x 2kg bag,x 2kg bag,x 2kg bag,A10 tin,lboz,Gallon,lboz,lboz,,,,
,,,,,,,,,,,,,,,
275,Name ,Ingredient 1,Ingredient 2,Ingredient 3,Ingredient 4,Ingredient 5,Ingredient 6,Ingredient 7,Ingredient 8,Ingredient 9,Ingredient 10,,,,
Name,Beef Curry,Diced Beef,Diced Onion,Mushrooms,Yellow Pepper,Red Pepper,Curry powder,Beef Stock,Water,Bisto Powder,Cornflour,,,,
Quantity,-,14,2.5,2,4,4,1'4,0'10,2.5,0'0,0'0,,,,
Unit,-,kg,kg,kg,each,each,lboz,lboz,Gallon,lboz,lboz,,,,
,,,,,,,,,,,,,,,
525,Name ,Ingredient 1,Ingredient 2,Ingredient 3,Ingredient 4,Ingredient 5,Ingredient 6,Ingredient 7, Ingredient 8,Ingredient 9,Ingredient 10,Ingredient 11,Ingredient 12,Ingredient 13,Ingredient 14
Name,Bolognaise,Mince Beef,Diced Onion,Frozen Peppers,Mushroom,T.Celery,Garlic,Pizza Sauce,Tomato Puree,Mixed Herbs,Beef Stock,Water,Bisto Powder,Plain Flour,Diced Carrot
Quantity,-,20,5,3,4,3,3,5,5.5,63,1'2,4.5,0'0,0'0,3
Unit,-,kg,kg,kg,kg,Head,Bulb,3kg tin,800g tin,g,lboz,Gallon,lboz,lboz,kg
,,,,,,,,,,,,,,,
308,Name,Ingredient 1,Ingredient 2,Ingredient 3,Ingredient 4,Ingredient 5,Ingredient 6,Ingredient 7,Ingredient 8,Ingredient 9,Ingredient 10,,,,
Name,Mince Pie,Mince Beef,Diced Onion,Mushroom,Diced Carrot,Diced Parsnip,Tomatoes,Beef Stock,Water,Bisto Powder,Plain Flour,,,,
Quantity,-,13.5,3,1,2.5,1.5,0.5,0'0,0,0'0,0'0,,,,
Unit,-,kg,kg,kg,kg,kg,2.55kg tin,lboz,Gallon,lboz,lboz,,,,
,,,,,,,,,,,,,,,
350,Name,Ingredient 1,Ingredient 2,Ingredient 3,Ingredient 4,Ingredient 5,Ingredient 6,Ingredient 7,Ingredient 8,Ingredient 9,Ingredient 10,Ingredient 11,Ingredient 12,,
Name,Lasagne,Mince Beef,Diced Onion,Mushroom,Garlic,Diced Carrrot,Tomato Puree,Pizza Sauce,Mixed Herbs,Beef Stock,Water,Bisto Powder,Plain Flour,,
Quantity,-,15,3,1.5,4,2,2.5,2.5,0'0,0'0,0'0,0'0,0'0,,
Unit,-,kg,kg,kg,Bulb,kg,800g tin,3kg tin,lboz,lboz,lboz,lboz,lboz,,
,,,,,,,,,,,,,,,
350,Name,Ingredient 1,Ingredient 2,Ingredient 3,Ingredient 4,,,,,,,,,,
Name,White Sauce,Margarine ,Plain Flour,Dried Milk,Water,,,,,,,,,,
Quantity,-,2'0,2'0,2'8,2,,,,,,,,,,
Unit,-,lboz,lboz,lboz,Gallons,,,,,,,,,,
,,,,,,,,,,,,,,,
450,Name,Ingredient 1,Ingredient 2,Ingredient 3,Ingredient 4,Ingredient 5,Ingredient 6,Ingredient 7,Ingredient 8,Ingredient 9,,,,,
Name,Irish Stew,Diced Beef,Diced Onion,Diced Carrot,Diced Parsnip,Beef Stock,Water,Bisto Powder,Plain Flour,D.Potato,,,,,
Quantity,-,20,4.5,10,5,0'16,4,0'0,0'0,70,,,,,
Unit,-,kg,kg,kg,kg,lboz,Gallon,lboz,lboz,kg,,,,,
,,,,,,,,,,,,,,,
100,Name,Ingredient 1,Ingredient 2,Ingredient 3,Ingredient 4,Ingredient 5,,,,,,,,,
Name,Chicken Casserole,Raw Chicken,Diced Onion,Diced Carrot,Chicken Stock,Water,,,,,,,,,
Quantity,-,5,1,2.5,0'0,0,,,,,,,,,
Unit,-,kg,kg,kg,lboz,Gallon,,,,,,,,,
,,,,,,,,,,,,,,,
476,Name,Ingredient 1,Ingredient 2, Ingredient 3,Ingredient 4,Ingredient 5,Ingredient 6,Ingredient 7,Ingredient 8,,,,,,
Name,Chicken Pie,Raw Chicken,Diced Onion,Mushrooms,Table Celery,Chicken Stock,Water,Breadcrumbs,Margarine,,,,,,
Quantity,-,21,4.5,7,4,0'0,0,7.5,10'5,,,,,,
Unit,-,kg,kg,kg,Head,lboz,Gallon,kg,lboz,,,,,,
,,,,,,,,,,,,,,,
340,Name,Ingredient 1,Ingredient 2,Ingredient 3,Ingredient,Ingredient 4,Ingredient 5,Ingredient 6,Ingredient 7,Ingredient 8,Ingredient 9,Ingredient 10,,,
Name,Chicken Curry,Raw Chicken,Diced Onion,Mushroom,Table Celery,Yellow Pepper,Pineapples,Sultanas,Tomato Puree,Curry Powder ,Chicken Stock,Water,,,
Quantity,-,18.5,3.4,3.4,3.25,9,1,1'0,6,1'4,0'0,0,,,
Unit,-,kg,kg,kg,each,each,x 3kg tin,lboz,tablespoons,lboz,lboz,Gallon,,,
,,,,,,,,,,,,,,,
1,Name,Ingredient 1,,,,,,,,,,,,,
Name,Patna Rice Brown,Long grain Rice,,,,,,,,,,,,,
Quantity,-,0,,,,,,,,,,,,,
Unit,-,5kg,,,,,,,,,,,,,
,,,,,,,,,,,,,,,
250,Name,Ingredient 1,Ingredient 2,Ingredient 3,Ingredient 4,Ingredient 5,Ingredient 6,Ingredient 7,Ingredient,,,,,,
Name,Vegetable Soup,Soup Pulses,Marrowfat Peas ,Fresh soup mix ,Veg.Stock Paste,Diced Parsnip,Diced Potato,Water,Blk Pepper,,,,,,
Quantity,-,1,0,6,6'6,1,2,10,0,,,,,,
Unit,-,3kg Bag,3kg Bag,2kg,lb'oz,2kg,2kg,Gallon,g,,,,,,
,,,,,,,,,,,,,,,
270,Name,Ingredient 1,Ingredient 2,Ingredient 3,Ingredient 4,Ingredient 5,Ingredient 6,Ingredient 7,,,,,,,
Name,Wheaten Bread,Wholemeal Flour,Soda Bread Flour,Baking Soda,Sugar,Margarine,Eggs,Buttermilk,,,,,,,
Quantity,-,4'5,7'5,8,1'4,1'12,16,Pints,,,,,,,
Unit,-,lboz,lboz,teaspoon,lboz,lboz,each,7.25,,,,,,,
,,,,,,,,,,,,,,,
60,Name,Ingredient 1,,,,,,,,,,,,,
Name,Pasta,Pasta twists,,,,,,,,,,,,,
Quantity,-,1,,,,,,,,,,,,,
Unit,-,3kg,,,,,,,,,,,,,
,,,,,,,,,,,,,,,
5,Name,Ingredient 1,,,,,,,,,,,,,
Name,Baguette Slices,Baguette,,,,,,,,,,,,,
Quantity,-,1,,,,,,,,,,,,,
Unit,-,each,,,,,,,,,,,,,
,,,,,,,,,,,,,,,
100,Name,Ingredient 1,Ingredient 2,Ingredient 3,,,,,,,,,,,
Name,Coleslaw,Coleslaw Mix,Diced Onion,Mayonaise,,,,,,,,,,,
Quantity,-,4,0.5,0'0,,,,,,,,,,,
Unit,-,kg,kg,lboz,,,,,,,,,,,
,,,,,,,,,,,,,,,
45,Name,Ingredient 1,,,,,,,,,,,,,
Name,Baked Beans,Baked beans,,,,,,,,,,,,,
Quantity,-,1,,,,,,,,,,,,,
Unit,-,2.6kg tin,,,,,,,,,,,,,
,,,,,,,,,,,,,,,
45,Name,Ingredient 1,,,,,,,,,,,,,
Name,Sweetcorn,Sweetcorn,,,,,,,,,,,,,
Quanity,-,1,,,,,,,,,,,,,
Unit,-,2.12kg tin,,,,,,,,,,,,,
,,,,,,,,,,,,,,,
50,Name,Ingredient 1,,,,,,,,,,,,,
Name,Peaches,Peaches,,,,,,,,,,,,,
Quantity,-,1,,,,,,,,,,,,,
Unit,-,2.5kg tin,,,,,,,,,,,,,
,,,,,,,,,,,,,,,
700,Name,Ingredient 1,Ingredient 2,Ingredient 3,Ingredient 4,Ingredient 5,Ingredient 6,Ingredient 7,Ingredient 8,Ingredient 9,Ingredient 10,,,,
Name,Milkshake,Milk,Crusha,EB ,Mal,Lig,ED ,SB ,TL ,H  ,GB ,,,,
Quantity,-,29,4.5,6.5,4,5,3,3,3,3,1.5,,,,
Unit,-,x 2Litre ,x 1 Litre bottle,x 2Ltrs,x 2Ltrs,x 2Ltrs,x 2Ltrs,x 2Ltrs,x 2Ltrs,x 2Ltrs,x 2Ltrs,,,,
,,,,,,,,,,,,,,,
625,Name,Ingredient 1,Ingredient 2,Ingredient 3,Ingredient 4,Ingredient 5,Ingredient 6,Ingredient 7,,,,,,,
Name ,Sausage Pie,Sausage meat,Diced Onion,Cooked Potato,Tomato Ketchup,Plain Flour,Margarine,Water,,,,,,,
Quantity,-,40,3.5,6,0,25'0,16'0,70,,,,,,,
Unit,-,kg,2kg,x 2kg,1kg,lboz,lboz,Floz,,,,,,,
,,,,,,,,,,,,,,,
50,Name,Ingredient 1,Ingredient 2,Ingredient 3,Ingredient 4,Ingredient 5,Ingredient 6,Ingredient 7,Ingredient 8,Ingredient 9,Ingredient 10,,,,
Name,Chicken Pasta Bake,Raw Chicken,Pasta twists,Diced Onion,Sweetcorn,Frz. Peas,Cheese grated,Margarine,Plain Flour,Water,Dried Milk,,,,
Quantity,-,3,3,0,0,0,0,0,0,0,0'0,,,,
Unit,-,kg,lb'oz,2kg,340g tin,2.5kg Bag,lb'oz,lb'oz,lb'oz,Pints,lboz,,,,
,,,,,,,,,,,,,,,
70,Name,Ingredient 1,,,,,,,,,,,,,
Name,Fresh Fruit Salad,Prep. Fruit mix,,,,,,,,,,,,,
Quantity,-,1,,,,,,,,,,,,,
Unit,-,5kg ,,,,,,,,,,,,,
,,,,,,,,,,,,,,,
1,Name,Ingredient 1,Ingredient 2,,,,,,,,,,,,
Name,Jelly,Jelly Crystals,Water,,,,,,,,,,,,
Quantity,-,3.5,0,,,,,,,,,,,,
Unit,-,3.5kg,Gallon,,,,,,,,,,,,
,,,,,,,,,,,,,,,
100,Name,Ingredient 1,,,,,,,,,,,,,
Name,Mashed Potato,Potato,,,,,,,,,,,,,
Quantity,-,8.5,,,,,,,,,,,,,
Unit,-,kg,,,,,,,,,,,,,
,,,,,,,,,,,,,,,
625,Name,Ingredient 1,Ingredient 2,Ingredient 3,Ingredient 4,Ingredient 5,Ingredient 6,Ingredient 7,Ingredient 8,Ingredient 9,,,,,
Name,Breaded Fish,Breaded Fish,EB ,Mal,Lig,ED ,SB ,TL,H,GB,,,,,
Quantity,-,625,195,75,85,60,60,60,60,30,,,,,
Unit,-,each,only,only,only,only,only,only,only,only,,,,,
,,,,,,,,,,,,,,,
100,Name,Ingredient 1,,,,,,,,,,,,,
Name,,Raw Chicken,,,,,,,,,,,,,
Quantity,,16,,,,,,,,,,,,,
Unit,,kg,,,,,,,,,,,,,
,,,,,,,,,,,,,,,
625,Name,Ingredient 1,Ingredient 2,Ingredient 3,Ingredient 4,Ingredient 5,Ingredient 6,Ingredient 7,Ingredient 8,Ingredient 9,,,,,
Name,Carrots Fresh,Carrots Fresh,EB ,Mal,Lig,ED ,SB ,TL,H,GB,,,,,
Quantity,-,25,195,75,85,60,60,60,60,30,,,,,
Unit,-,kg,only,only,only,only,only,only,only,only,,,,,
